,Time,Source,Destination,Protocol,Length,Info,label
9,2022-12-11 20:33:09.869628537,172.17.0.1,172.17.0.2,TCP,74,52378  >  3000 [SYN] Seq=0 Win=64240 Len=0 MSS=1460 SACK_PERM=1 TSval=3075199744 TSecr=0 WS=128,SQL injection 
10,2022-12-11 20:33:09.869680953,172.17.0.2,172.17.0.1,TCP,74,"3000  >  52378 [SYN, ACK] Seq=0 Ack=1 Win=65160 Len=0 MSS=1460 SACK_PERM=1 TSval=1630238221 TSecr=3075199744 WS=128",SQL injection 
11,2022-12-11 20:33:09.869692741,172.17.0.1,172.17.0.2,TCP,66,52378  >  3000 [ACK] Seq=1 Ack=1 Win=64256 Len=0 TSval=3075199744 TSecr=1630238221,SQL injection 
12,2022-12-11 20:33:09.870126626,172.17.0.1,172.17.0.2,HTTP/JSON,326,"POST /rest/user/login HTTP/1.1 , JavaScript Object Notation (application/json)",SQL injection 
13,2022-12-11 20:33:09.870141001,172.17.0.2,172.17.0.1,TCP,66,3000  >  52378 [ACK] Seq=1 Ack=261 Win=65024 Len=0 TSval=1630238222 TSecr=3075199745,SQL injection 
14,2022-12-11 20:33:09.902885348,172.17.0.2,172.17.0.1,HTTP/JSON,1274,"HTTP/1.1 200 OK , JavaScript Object Notation (application/json)",SQL injection 
15,2022-12-11 20:33:09.902900375,172.17.0.1,172.17.0.2,TCP,66,52378  >  3000 [ACK] Seq=261 Ack=1209 Win=64128 Len=0 TSval=3075199777 TSecr=1630238254,SQL injection 
,Time,Source,Destination,Protocol,Length,Info,label
22,2022-12-11 20:33:32.654499129,172.17.0.1,172.17.0.2,TCP,74,44514  >  3000 [SYN] Seq=0 Win=64240 Len=0 MSS=1460 SACK_PERM=1 TSval=3075222529 TSecr=0 WS=128,SQL injection 
23,2022-12-11 20:33:32.654548499,172.17.0.2,172.17.0.1,TCP,74,"3000  >  44514 [SYN, ACK] Seq=0 Ack=1 Win=65160 Len=0 MSS=1460 SACK_PERM=1 TSval=1630261006 TSecr=3075222529 WS=128",SQL injection 
24,2022-12-11 20:33:32.654556548,172.17.0.1,172.17.0.2,TCP,66,44514  >  3000 [ACK] Seq=1 Ack=1 Win=64256 Len=0 TSval=3075222529 TSecr=1630261006,SQL injection 
25,2022-12-11 20:33:32.654603551,172.17.0.1,172.17.0.2,HTTP/JSON,334,"POST /rest/user/login HTTP/1.1 , JavaScript Object Notation (application/json)",SQL injection 
26,2022-12-11 20:33:32.654608163,172.17.0.2,172.17.0.1,TCP,66,3000  >  44514 [ACK] Seq=1 Ack=269 Win=64896 Len=0 TSval=1630261006 TSecr=3075222529,SQL injection 
27,2022-12-11 20:33:32.692456110,172.17.0.2,172.17.0.1,HTTP/JSON,1266,"HTTP/1.1 200 OK , JavaScript Object Notation (application/json)",SQL injection 
28,2022-12-11 20:33:32.692472710,172.17.0.1,172.17.0.2,TCP,66,44514  >  3000 [ACK] Seq=269 Ack=1201 Win=64128 Len=0 TSval=3075222567 TSecr=1630261044,SQL injection 
,Time,Source,Destination,Protocol,Length,Info,label
32,2022-12-11 20:33:45.119821761,172.17.0.1,172.17.0.2,TCP,74,56526  >  3000 [SYN] Seq=0 Win=64240 Len=0 MSS=1460 SACK_PERM=1 TSval=3075234994 TSecr=0 WS=128,Admin Section 
33,2022-12-11 20:33:45.119922063,172.17.0.2,172.17.0.1,TCP,74,"3000  >  56526 [SYN, ACK] Seq=0 Ack=1 Win=65160 Len=0 MSS=1460 SACK_PERM=1 TSval=1630273471 TSecr=3075234994 WS=128",Admin Section 
34,2022-12-11 20:33:45.119932327,172.17.0.1,172.17.0.2,TCP,66,56526  >  3000 [ACK] Seq=1 Ack=1 Win=64256 Len=0 TSval=3075234994 TSecr=1630273471,Admin Section 
35,2022-12-11 20:33:45.119984182,172.17.0.1,172.17.0.2,HTTP,2081,GET /rest/user/authentication-details HTTP/1.1 ,Admin Section 
36,2022-12-11 20:33:45.119989375,172.17.0.2,172.17.0.1,TCP,66,3000  >  56526 [ACK] Seq=1 Ack=2016 Win=64000 Len=0 TSval=1630273472 TSecr=3075234995,Admin Section 
37,2022-12-11 20:33:45.161322220,172.17.0.2,172.17.0.1,TCP,499,"3000  >  56526 [PSH, ACK] Seq=1 Ack=2016 Win=64128 Len=433 TSval=1630273513 TSecr=3075234995 [TCP segment of a reassembled PDU]",Admin Section 
38,2022-12-11 20:33:45.161475258,172.17.0.1,172.17.0.2,TCP,66,56526  >  3000 [ACK] Seq=2016 Ack=434 Win=64128 Len=0 TSval=3075235036 TSecr=1630273513,Admin Section 
39,2022-12-11 20:33:45.161783992,172.17.0.2,172.17.0.1,TCP,1788,"3000  >  56526 [PSH, ACK] Seq=434 Ack=2016 Win=64128 Len=1722 TSval=1630273513 TSecr=3075235036 [TCP segment of a reassembled PDU]",Admin Section 
40,2022-12-11 20:33:45.161787651,172.17.0.1,172.17.0.2,TCP,66,56526  >  3000 [ACK] Seq=2016 Ack=2156 Win=64128 Len=0 TSval=3075235036 TSecr=1630273513,Admin Section 
41,2022-12-11 20:33:45.161827838,172.17.0.2,172.17.0.1,HTTP/JSON,71,"HTTP/1.1 200 OK , JavaScript Object Notation (application/json)",Admin Section 
42,2022-12-11 20:33:45.161831988,172.17.0.1,172.17.0.2,TCP,66,56526  >  3000 [ACK] Seq=2016 Ack=2161 Win=64128 Len=0 TSval=3075235036 TSecr=1630273513,Admin Section 
,Time,Source,Destination,Protocol,Length,Info,label
56,2022-12-11 20:33:53.828645485,172.17.0.1,172.17.0.2,TCP,66,"48990  >  3000 [FIN, ACK] Seq=269 Ack=414 Win=64128 Len=0 TSval=3075243703 TSecr=1630282177",Repetitive Registration 
57,2022-12-11 20:33:53.829811122,172.17.0.2,172.17.0.1,TCP,66,"3000  >  48990 [FIN, ACK] Seq=414 Ack=270 Win=64896 Len=0 TSval=1630282181 TSecr=3075243703",Repetitive Registration 
58,2022-12-11 20:33:53.829822660,172.17.0.1,172.17.0.2,TCP,66,48990  >  3000 [ACK] Seq=270 Ack=415 Win=64128 Len=0 TSval=3075243704 TSecr=1630282181,Repetitive Registration 
59,2022-12-11 20:33:53.832720683,172.17.0.1,172.17.0.2,TCP,74,48994  >  3000 [SYN] Seq=0 Win=64240 Len=0 MSS=1460 SACK_PERM=1 TSval=3075243707 TSecr=0 WS=128,Repetitive Registration 
60,2022-12-11 20:33:53.832747999,172.17.0.2,172.17.0.1,TCP,74,"3000  >  48994 [SYN, ACK] Seq=0 Ack=1 Win=65160 Len=0 MSS=1460 SACK_PERM=1 TSval=1630282184 TSecr=3075243707 WS=128",Repetitive Registration 
61,2022-12-11 20:33:53.832755497,172.17.0.1,172.17.0.2,TCP,66,48994  >  3000 [ACK] Seq=1 Ack=1 Win=64256 Len=0 TSval=3075243707 TSecr=1630282184,Repetitive Registration 
62,2022-12-11 20:33:53.832993270,172.17.0.1,172.17.0.2,HTTP/JSON,448,"POST /api/Users HTTP/1.1 , JavaScript Object Notation (application/json)",Repetitive Registration 
63,2022-12-11 20:33:53.833000767,172.17.0.2,172.17.0.1,TCP,66,3000  >  48994 [ACK] Seq=1 Ack=383 Win=64896 Len=0 TSval=1630282185 TSecr=3075243708,Repetitive Registration 
64,2022-12-11 20:33:53.889542445,172.17.0.2,172.17.0.1,HTTP/JSON,789,"HTTP/1.1 201 Created , JavaScript Object Notation (application/json)",Repetitive Registration 
65,2022-12-11 20:33:53.889558273,172.17.0.1,172.17.0.2,TCP,66,48994  >  3000 [ACK] Seq=383 Ack=724 Win=64128 Len=0 TSval=3075243764 TSecr=1630282241,Repetitive Registration 
66,2022-12-11 20:33:53.890883094,172.17.0.1,172.17.0.2,TCP,66,"48994  >  3000 [FIN, ACK] Seq=383 Ack=724 Win=64128 Len=0 TSval=3075243765 TSecr=1630282241",Repetitive Registration 
,Time,Source,Destination,Protocol,Length,Info,label
75,2022-12-11 20:34:42.429202456,172.17.0.1,172.17.0.2,TCP,74,41006  >  3000 [SYN] Seq=0 Win=64240 Len=0 MSS=1460 SACK_PERM=1 TSval=3075292304 TSecr=0 WS=128,XSS Search 
76,2022-12-11 20:34:42.429245930,172.17.0.2,172.17.0.1,TCP,74,"3000  >  41006 [SYN, ACK] Seq=0 Ack=1 Win=65160 Len=0 MSS=1460 SACK_PERM=1 TSval=1630330781 TSecr=3075292304 WS=128",XSS Search 
77,2022-12-11 20:34:42.429253448,172.17.0.1,172.17.0.2,TCP,66,41006  >  3000 [ACK] Seq=1 Ack=1 Win=64256 Len=0 TSval=3075292304 TSecr=1630330781,XSS Search 
78,2022-12-11 20:34:42.431656655,172.17.0.1,172.17.0.2,HTTP,168,GET / HTTP/1.1 ,XSS Search 
79,2022-12-11 20:34:42.431709894,172.17.0.2,172.17.0.1,TCP,66,3000  >  41006 [ACK] Seq=1 Ack=103 Win=65152 Len=0 TSval=1630330783 TSecr=3075292306,XSS Search 
80,2022-12-11 20:34:42.433532607,172.17.0.2,172.17.0.1,HTTP,2519,HTTP/1.1 200 OK  (text/html),XSS Search 
81,2022-12-11 20:34:42.433538221,172.17.0.1,172.17.0.2,TCP,66,41006  >  3000 [ACK] Seq=103 Ack=2454 Win=63744 Len=0 TSval=3075292308 TSecr=1630330785,XSS Search 
,Time,Source,Destination,Protocol,Length,Info,label
97,2022-12-11 20:34:49.880067504,172.17.0.1,172.17.0.2,TCP,74,35682  >  3000 [SYN] Seq=0 Win=64240 Len=0 MSS=1460 SACK_PERM=1 TSval=3075299755 TSecr=0 WS=128,Admin Registration 
98,2022-12-11 20:34:49.880096965,172.17.0.2,172.17.0.1,TCP,74,"3000  >  35682 [SYN, ACK] Seq=0 Ack=1 Win=65160 Len=0 MSS=1460 SACK_PERM=1 TSval=1630338232 TSecr=3075299755 WS=128",Admin Registration 
99,2022-12-11 20:34:49.880103862,172.17.0.1,172.17.0.2,TCP,66,35682  >  3000 [ACK] Seq=1 Ack=1 Win=64256 Len=0 TSval=3075299755 TSecr=1630338232,Admin Registration 
100,2022-12-11 20:34:49.880181869,172.17.0.1,172.17.0.2,TCP,278,"35682  >  3000 [PSH, ACK] Seq=1 Ack=1 Win=64256 Len=212 TSval=3075299755 TSecr=1630338232 [TCP segment of a reassembled PDU]",Admin Registration 
101,2022-12-11 20:34:49.880187724,172.17.0.2,172.17.0.1,TCP,66,3000  >  35682 [ACK] Seq=1 Ack=213 Win=65024 Len=0 TSval=1630338232 TSecr=3075299755,Admin Registration 
102,2022-12-11 20:34:49.880210348,172.17.0.1,172.17.0.2,HTTP/JSON,257,"POST /api/Users HTTP/1.1 , JavaScript Object Notation (application/json)",Admin Registration 
103,2022-12-11 20:34:49.880214077,172.17.0.2,172.17.0.1,TCP,66,3000  >  35682 [ACK] Seq=1 Ack=404 Win=64896 Len=0 TSval=1630338232 TSecr=3075299755,Admin Registration 
104,2022-12-11 20:34:49.919298648,172.17.0.2,172.17.0.1,HTTP/JSON,792,"HTTP/1.1 201 Created , JavaScript Object Notation (application/json)",Admin Registration 
105,2022-12-11 20:34:49.919319228,172.17.0.1,172.17.0.2,TCP,66,35682  >  3000 [ACK] Seq=404 Ack=727 Win=64128 Len=0 TSval=3075299794 TSecr=1630338271,Admin Registration 
106,2022-12-11 20:34:49.923377961,172.17.0.1,172.17.0.2,TCP,66,"35682  >  3000 [FIN, ACK] Seq=404 Ack=727 Win=64128 Len=0 TSval=3075299798 TSecr=1630338271",Admin Registration 
,Time,Source,Destination,Protocol,Length,Info,label
109,2022-12-11 20:34:57.077938332,172.17.0.1,172.17.0.2,TCP,74,51816  >  3000 [SYN] Seq=0 Win=64240 Len=0 MSS=1460 SACK_PERM=1 TSval=3075306952 TSecr=0 WS=128,Create a login session 
110,2022-12-11 20:34:57.077967382,172.17.0.2,172.17.0.1,TCP,74,"3000  >  51816 [SYN, ACK] Seq=0 Ack=1 Win=65160 Len=0 MSS=1460 SACK_PERM=1 TSval=1630345429 TSecr=3075306952 WS=128",Create a login session 
111,2022-12-11 20:34:57.077974278,172.17.0.1,172.17.0.2,TCP,66,51816  >  3000 [ACK] Seq=1 Ack=1 Win=64256 Len=0 TSval=3075306952 TSecr=1630345429,Create a login session 
112,2022-12-11 20:34:57.078959401,172.17.0.1,172.17.0.2,TCP,283,"51816  >  3000 [PSH, ACK] Seq=1 Ack=1 Win=64256 Len=217 TSval=3075306953 TSecr=1630345429 [TCP segment of a reassembled PDU]",Create a login session 
113,2022-12-11 20:34:57.079109692,172.17.0.2,172.17.0.1,TCP,66,3000  >  51816 [ACK] Seq=1 Ack=218 Win=65024 Len=0 TSval=1630345430 TSecr=3075306953,Create a login session 
114,2022-12-11 20:34:57.079171762,172.17.0.1,172.17.0.2,HTTP/JSON,118,"POST /rest/user/login HTTP/1.1 , JavaScript Object Notation (application/json)",Create a login session 
115,2022-12-11 20:34:57.079178037,172.17.0.2,172.17.0.1,TCP,66,3000  >  51816 [ACK] Seq=1 Ack=270 Win=65024 Len=0 TSval=1630345431 TSecr=3075306954,Create a login session 
116,2022-12-11 20:34:57.092961729,172.17.0.2,172.17.0.1,HTTP,479,HTTP/1.1 401 Unauthorized  (text/html),Create a login session 
117,2022-12-11 20:34:57.092982449,172.17.0.1,172.17.0.2,TCP,66,51816  >  3000 [ACK] Seq=270 Ack=414 Win=64128 Len=0 TSval=3075306967 TSecr=1630345444,Create a login session 
118,2022-12-11 20:34:57.102908317,172.17.0.1,172.17.0.2,TCP,66,"51816  >  3000 [FIN, ACK] Seq=270 Ack=414 Win=64128 Len=0 TSval=3075306977 TSecr=1630345444",Create a login session 
119,2022-12-11 20:34:57.103846490,172.17.0.2,172.17.0.1,TCP,66,"3000  >  51816 [FIN, ACK] Seq=414 Ack=271 Win=65024 Len=0 TSval=1630345455 TSecr=3075306977",Create a login session 
120,2022-12-11 20:34:57.103922654,172.17.0.1,172.17.0.2,TCP,66,51816  >  3000 [ACK] Seq=271 Ack=415 Win=64128 Len=0 TSval=3075306978 TSecr=1630345455,Create a login session 
121,2022-12-11 20:34:57.110985326,172.17.0.1,172.17.0.2,TCP,74,51826  >  3000 [SYN] Seq=0 Win=64240 Len=0 MSS=1460 SACK_PERM=1 TSval=3075306985 TSecr=0 WS=128,Create a login session 
122,2022-12-11 20:34:57.111014487,172.17.0.2,172.17.0.1,TCP,74,"3000  >  51826 [SYN, ACK] Seq=0 Ack=1 Win=65160 Len=0 MSS=1460 SACK_PERM=1 TSval=1630345463 TSecr=3075306985 WS=128",Create a login session 
123,2022-12-11 20:34:57.111022375,172.17.0.1,172.17.0.2,TCP,66,51826  >  3000 [ACK] Seq=1 Ack=1 Win=64256 Len=0 TSval=3075306986 TSecr=1630345463,Create a login session 
124,2022-12-11 20:34:57.111584088,172.17.0.1,172.17.0.2,TCP,278,"51826  >  3000 [PSH, ACK] Seq=1 Ack=1 Win=64256 Len=212 TSval=3075306986 TSecr=1630345463 [TCP segment of a reassembled PDU]",Create a login session 
125,2022-12-11 20:34:57.111597060,172.17.0.2,172.17.0.1,TCP,66,3000  >  51826 [ACK] Seq=1 Ack=213 Win=65024 Len=0 TSval=1630345463 TSecr=3075306986,Create a login session 
126,2022-12-11 20:34:57.111636724,172.17.0.1,172.17.0.2,HTTP/JSON,257,"POST /api/Users HTTP/1.1 , JavaScript Object Notation (application/json)",Create a login session 
127,2022-12-11 20:34:57.111645025,172.17.0.2,172.17.0.1,TCP,66,3000  >  51826 [ACK] Seq=1 Ack=404 Win=64896 Len=0 TSval=1630345463 TSecr=3075306986,Create a login session 
128,2022-12-11 20:34:57.167946913,172.17.0.2,172.17.0.1,HTTP/JSON,792,"HTTP/1.1 201 Created , JavaScript Object Notation (application/json)",Create a login session 
129,2022-12-11 20:34:57.167964807,172.17.0.1,172.17.0.2,TCP,66,51826  >  3000 [ACK] Seq=404 Ack=727 Win=64128 Len=0 TSval=3075307042 TSecr=1630345519,Create a login session 
130,2022-12-11 20:34:57.171220848,172.17.0.1,172.17.0.2,TCP,66,"51826  >  3000 [FIN, ACK] Seq=404 Ack=727 Win=64128 Len=0 TSval=3075307046 TSecr=1630345519",Create a login session 
131,2022-12-11 20:34:57.175017690,172.17.0.2,172.17.0.1,TCP,66,"3000  >  51826 [FIN, ACK] Seq=727 Ack=405 Win=64896 Len=0 TSval=1630345527 TSecr=3075307046",Create a login session 
132,2022-12-11 20:34:57.175048746,172.17.0.1,172.17.0.2,TCP,66,51826  >  3000 [ACK] Seq=405 Ack=728 Win=64128 Len=0 TSval=3075307050 TSecr=1630345527,Create a login session 
133,2022-12-11 20:34:57.179145166,172.17.0.1,172.17.0.2,TCP,74,51838  >  3000 [SYN] Seq=0 Win=64240 Len=0 MSS=1460 SACK_PERM=1 TSval=3075307054 TSecr=0 WS=128,Create a login session 
134,2022-12-11 20:34:57.179177504,172.17.0.2,172.17.0.1,TCP,74,"3000  >  51838 [SYN, ACK] Seq=0 Ack=1 Win=65160 Len=0 MSS=1460 SACK_PERM=1 TSval=1630345531 TSecr=3075307054 WS=128",Create a login session 
135,2022-12-11 20:34:57.179184550,172.17.0.1,172.17.0.2,TCP,66,51838  >  3000 [ACK] Seq=1 Ack=1 Win=64256 Len=0 TSval=3075307054 TSecr=1630345531,Create a login session 
136,2022-12-11 20:34:57.179437169,172.17.0.1,172.17.0.2,TCP,283,"51838  >  3000 [PSH, ACK] Seq=1 Ack=1 Win=64256 Len=217 TSval=3075307054 TSecr=1630345531 [TCP segment of a reassembled PDU]",Create a login session 
137,2022-12-11 20:34:57.179450481,172.17.0.2,172.17.0.1,TCP,66,3000  >  51838 [ACK] Seq=1 Ack=218 Win=65024 Len=0 TSval=1630345531 TSecr=3075307054,Create a login session 
138,2022-12-11 20:34:57.179487260,172.17.0.1,172.17.0.2,HTTP/JSON,118,"POST /rest/user/login HTTP/1.1 , JavaScript Object Notation (application/json)",Create a login session 
139,2022-12-11 20:34:57.179492752,172.17.0.2,172.17.0.1,TCP,66,3000  >  51838 [ACK] Seq=1 Ack=270 Win=65024 Len=0 TSval=1630345531 TSecr=3075307054,Create a login session 
140,2022-12-11 20:34:57.218626842,172.17.0.2,172.17.0.1,HTTP/JSON,1286,"HTTP/1.1 200 OK , JavaScript Object Notation (application/json)",Create a login session 
141,2022-12-11 20:34:57.218644905,172.17.0.1,172.17.0.2,TCP,66,51838  >  3000 [ACK] Seq=270 Ack=1221 Win=64128 Len=0 TSval=3075307093 TSecr=1630345570,Create a login session 
142,2022-12-11 20:34:57.227638332,172.17.0.1,172.17.0.2,HTTP,2089,GET /rest/user/whoami HTTP/1.1 ,Create a login session 
143,2022-12-11 20:34:57.227804623,172.17.0.2,172.17.0.1,TCP,66,3000  >  51838 [ACK] Seq=1221 Ack=2293 Win=64000 Len=0 TSval=1630345579 TSecr=3075307102,Create a login session 
144,2022-12-11 20:34:57.233539011,172.17.0.2,172.17.0.1,HTTP/JSON,585,"HTTP/1.1 200 OK , JavaScript Object Notation (application/json)",Create a login session 
145,2022-12-11 20:34:57.233649697,172.17.0.1,172.17.0.2,TCP,66,51838  >  3000 [ACK] Seq=2293 Ack=1740 Win=64128 Len=0 TSval=3075307108 TSecr=1630345585,Create a login session 
,Time,Source,Destination,Protocol,Length,Info,label
152,2022-12-11 20:35:11.009032340,172.17.0.1,172.17.0.2,TCP,74,57046  >  3000 [SYN] Seq=0 Win=64240 Len=0 MSS=1460 SACK_PERM=1 TSval=3075320884 TSecr=0 WS=128,Create a login session 
153,2022-12-11 20:35:11.009073530,172.17.0.2,172.17.0.1,TCP,74,"3000  >  57046 [SYN, ACK] Seq=0 Ack=1 Win=65160 Len=0 MSS=1460 SACK_PERM=1 TSval=1630359361 TSecr=3075320884 WS=128",Create a login session 
154,2022-12-11 20:35:11.009083764,172.17.0.1,172.17.0.2,TCP,66,57046  >  3000 [ACK] Seq=1 Ack=1 Win=64256 Len=0 TSval=3075320884 TSecr=1630359361,Create a login session 
155,2022-12-11 20:35:11.009345405,172.17.0.1,172.17.0.2,TCP,283,"57046  >  3000 [PSH, ACK] Seq=1 Ack=1 Win=64256 Len=217 TSval=3075320884 TSecr=1630359361 [TCP segment of a reassembled PDU]",Create a login session 
156,2022-12-11 20:35:11.009353083,172.17.0.2,172.17.0.1,TCP,66,3000  >  57046 [ACK] Seq=1 Ack=218 Win=65024 Len=0 TSval=1630359361 TSecr=3075320884,Create a login session 
157,2022-12-11 20:35:11.009381121,172.17.0.1,172.17.0.2,HTTP/JSON,118,"POST /rest/user/login HTTP/1.1 , JavaScript Object Notation (application/json)",Create a login session 
158,2022-12-11 20:35:11.009385321,172.17.0.2,172.17.0.1,TCP,66,3000  >  57046 [ACK] Seq=1 Ack=270 Win=65024 Len=0 TSval=1630359361 TSecr=3075320884,Create a login session 
159,2022-12-11 20:35:11.030111178,172.17.0.2,172.17.0.1,HTTP,479,HTTP/1.1 401 Unauthorized  (text/html),Create a login session 
160,2022-12-11 20:35:11.030128801,172.17.0.1,172.17.0.2,TCP,66,57046  >  3000 [ACK] Seq=270 Ack=414 Win=64128 Len=0 TSval=3075320905 TSecr=1630359382,Create a login session 
161,2022-12-11 20:35:11.035384496,172.17.0.1,172.17.0.2,TCP,74,57058  >  3000 [SYN] Seq=0 Win=64240 Len=0 MSS=1460 SACK_PERM=1 TSval=3075320910 TSecr=0 WS=128,Create a login session 
162,2022-12-11 20:35:11.035424572,172.17.0.2,172.17.0.1,TCP,74,"3000  >  57058 [SYN, ACK] Seq=0 Ack=1 Win=65160 Len=0 MSS=1460 SACK_PERM=1 TSval=1630359387 TSecr=3075320910 WS=128",Create a login session 
163,2022-12-11 20:35:11.035435529,172.17.0.1,172.17.0.2,TCP,66,57058  >  3000 [ACK] Seq=1 Ack=1 Win=64256 Len=0 TSval=3075320910 TSecr=1630359387,Create a login session 
164,2022-12-11 20:35:11.035468258,172.17.0.1,172.17.0.2,TCP,66,"57046  >  3000 [FIN, ACK] Seq=270 Ack=414 Win=64128 Len=0 TSval=3075320910 TSecr=1630359382",Create a login session 
165,2022-12-11 20:35:11.035503263,172.17.0.1,172.17.0.2,HTTP/JSON,449,"POST /api/Users HTTP/1.1 , JavaScript Object Notation (application/json)",Create a login session 
166,2022-12-11 20:35:11.035509347,172.17.0.2,172.17.0.1,TCP,66,3000  >  57058 [ACK] Seq=1 Ack=384 Win=64896 Len=0 TSval=1630359387 TSecr=3075320910,Create a login session 
167,2022-12-11 20:35:11.037908875,172.17.0.2,172.17.0.1,TCP,66,"3000  >  57046 [FIN, ACK] Seq=414 Ack=271 Win=65024 Len=0 TSval=1630359389 TSecr=3075320910",Create a login session 
168,2022-12-11 20:35:11.037927560,172.17.0.1,172.17.0.2,TCP,66,57046  >  3000 [ACK] Seq=271 Ack=415 Win=64128 Len=0 TSval=3075320912 TSecr=1630359389,Create a login session 
169,2022-12-11 20:35:11.088825472,172.17.0.2,172.17.0.1,HTTP/JSON,790,"HTTP/1.1 201 Created , JavaScript Object Notation (application/json)",Create a login session 
170,2022-12-11 20:35:11.088843265,172.17.0.1,172.17.0.2,TCP,66,57058  >  3000 [ACK] Seq=384 Ack=725 Win=64128 Len=0 TSval=3075320963 TSecr=1630359440,Create a login session 
171,2022-12-11 20:35:11.089909593,172.17.0.1,172.17.0.2,TCP,66,"57058  >  3000 [FIN, ACK] Seq=384 Ack=725 Win=64128 Len=0 TSval=3075320964 TSecr=1630359440",Create a login session 
172,2022-12-11 20:35:11.092399779,172.17.0.1,172.17.0.2,TCP,74,57070  >  3000 [SYN] Seq=0 Win=64240 Len=0 MSS=1460 SACK_PERM=1 TSval=3075320967 TSecr=0 WS=128,Create a login session 
173,2022-12-11 20:35:11.092425040,172.17.0.2,172.17.0.1,TCP,74,"3000  >  57070 [SYN, ACK] Seq=0 Ack=1 Win=65160 Len=0 MSS=1460 SACK_PERM=1 TSval=1630359444 TSecr=3075320967 WS=128",Create a login session 
174,2022-12-11 20:35:11.092431866,172.17.0.1,172.17.0.2,TCP,66,57070  >  3000 [ACK] Seq=1 Ack=1 Win=64256 Len=0 TSval=3075320967 TSecr=1630359444,Create a login session 
175,2022-12-11 20:35:11.093118911,172.17.0.2,172.17.0.1,TCP,66,"3000  >  57058 [FIN, ACK] Seq=725 Ack=385 Win=64896 Len=0 TSval=1630359445 TSecr=3075320964",Create a login session 
176,2022-12-11 20:35:11.093371669,172.17.0.1,172.17.0.2,TCP,66,57058  >  3000 [ACK] Seq=385 Ack=726 Win=64128 Len=0 TSval=3075320968 TSecr=1630359445,Create a login session 
177,2022-12-11 20:35:11.094040269,172.17.0.1,172.17.0.2,TCP,283,"57070  >  3000 [PSH, ACK] Seq=1 Ack=1 Win=64256 Len=217 TSval=3075320969 TSecr=1630359444 [TCP segment of a reassembled PDU]",Create a login session 
178,2022-12-11 20:35:11.094075404,172.17.0.2,172.17.0.1,TCP,66,3000  >  57070 [ACK] Seq=1 Ack=218 Win=65024 Len=0 TSval=1630359446 TSecr=3075320969,Create a login session 
179,2022-12-11 20:35:11.094155537,172.17.0.1,172.17.0.2,HTTP/JSON,118,"POST /rest/user/login HTTP/1.1 , JavaScript Object Notation (application/json)",Create a login session 
180,2022-12-11 20:35:11.094163226,172.17.0.2,172.17.0.1,TCP,66,3000  >  57070 [ACK] Seq=1 Ack=270 Win=65024 Len=0 TSval=1630359446 TSecr=3075320969,Create a login session 
181,2022-12-11 20:35:11.123883823,172.17.0.2,172.17.0.1,HTTP/JSON,1283,"HTTP/1.1 200 OK , JavaScript Object Notation (application/json)",Create a login session 
182,2022-12-11 20:35:11.123900964,172.17.0.1,172.17.0.2,TCP,66,57070  >  3000 [ACK] Seq=270 Ack=1218 Win=64128 Len=0 TSval=3075320998 TSecr=1630359475,Create a login session 
183,2022-12-11 20:35:11.136550144,172.17.0.1,172.17.0.2,HTTP,2083,GET /rest/user/whoami HTTP/1.1 ,Create a login session 
184,2022-12-11 20:35:11.136578322,172.17.0.2,172.17.0.1,TCP,66,3000  >  57070 [ACK] Seq=1218 Ack=2287 Win=64000 Len=0 TSval=1630359488 TSecr=3075321011,Create a login session 
185,2022-12-11 20:35:11.145707344,172.17.0.2,172.17.0.1,HTTP/JSON,580,"HTTP/1.1 200 OK , JavaScript Object Notation (application/json)",Create a login session 
186,2022-12-11 20:35:11.145732295,172.17.0.1,172.17.0.2,TCP,66,57070  >  3000 [ACK] Seq=2287 Ack=1732 Win=64128 Len=0 TSval=3075321020 TSecr=1630359497,Create a login session 
,Time,Source,Destination,Protocol,Length,Info,label
190,2022-12-11 20:35:19.387383066,172.17.0.1,172.17.0.2,TCP,74,44478  >  3000 [SYN] Seq=0 Win=64240 Len=0 MSS=1460 SACK_PERM=1 TSval=3075329262 TSecr=0 WS=128,Captcha Bypass 
191,2022-12-11 20:35:19.387436414,172.17.0.2,172.17.0.1,TCP,74,"3000  >  44478 [SYN, ACK] Seq=0 Ack=1 Win=65160 Len=0 MSS=1460 SACK_PERM=1 TSval=1630367739 TSecr=3075329262 WS=128",Captcha Bypass 
192,2022-12-11 20:35:19.387443391,172.17.0.1,172.17.0.2,TCP,66,44478  >  3000 [ACK] Seq=1 Ack=1 Win=64256 Len=0 TSval=3075329262 TSecr=1630367739,Captcha Bypass 
193,2022-12-11 20:35:19.388125213,172.17.0.1,172.17.0.2,HTTP,228,GET /rest/captcha/ HTTP/1.1 ,Captcha Bypass 
194,2022-12-11 20:35:19.388134966,172.17.0.2,172.17.0.1,TCP,66,3000  >  44478 [ACK] Seq=1 Ack=163 Win=65024 Len=0 TSval=1630367740 TSecr=3075329263,Captcha Bypass 
195,2022-12-11 20:35:19.419127246,172.17.0.2,172.17.0.1,HTTP/JSON,499,"HTTP/1.1 200 OK , JavaScript Object Notation (application/json)",Captcha Bypass 
196,2022-12-11 20:35:19.419142472,172.17.0.1,172.17.0.2,TCP,66,44478  >  3000 [ACK] Seq=163 Ack=434 Win=64128 Len=0 TSval=3075329294 TSecr=1630367771,Captcha Bypass 
197,2022-12-11 20:35:19.424710089,172.17.0.1,172.17.0.2,TCP,299,"44478  >  3000 [PSH, ACK] Seq=163 Ack=434 Win=64128 Len=233 TSval=3075329299 TSecr=1630367771 [TCP segment of a reassembled PDU]",Captcha Bypass 
198,2022-12-11 20:35:19.424733415,172.17.0.2,172.17.0.1,TCP,66,3000  >  44478 [ACK] Seq=434 Ack=396 Win=64896 Len=0 TSval=1630367776 TSecr=3075329299,Captcha Bypass 
199,2022-12-11 20:35:19.425783163,172.17.0.1,172.17.0.2,HTTP,129,POST /api/Feedbacks/ HTTP/1.1  (application/x-www-form-urlencoded),Captcha Bypass 
200,2022-12-11 20:35:19.425794069,172.17.0.2,172.17.0.1,TCP,66,3000  >  44478 [ACK] Seq=434 Ack=459 Win=64896 Len=0 TSval=1630367777 TSecr=3075329300,Captcha Bypass 
201,2022-12-11 20:35:19.461871343,172.17.0.2,172.17.0.1,HTTP/JSON,654,"HTTP/1.1 201 Created , JavaScript Object Notation (application/json)",Captcha Bypass 
202,2022-12-11 20:35:19.461882390,172.17.0.1,172.17.0.2,TCP,66,44478  >  3000 [ACK] Seq=459 Ack=1022 Win=64128 Len=0 TSval=3075329336 TSecr=1630367813,Captcha Bypass 
203,2022-12-11 20:35:19.465000299,172.17.0.1,172.17.0.2,HTTP,228,GET /rest/captcha/ HTTP/1.1 ,Captcha Bypass 
204,2022-12-11 20:35:19.465077043,172.17.0.2,172.17.0.1,TCP,66,3000  >  44478 [ACK] Seq=1022 Ack=621 Win=64768 Len=0 TSval=1630367817 TSecr=3075329340,Captcha Bypass 
205,2022-12-11 20:35:19.504819744,172.17.0.2,172.17.0.1,HTTP/JSON,497,"HTTP/1.1 200 OK , JavaScript Object Notation (application/json)",Captcha Bypass 
206,2022-12-11 20:35:19.504831543,172.17.0.1,172.17.0.2,TCP,66,44478  >  3000 [ACK] Seq=621 Ack=1453 Win=64128 Len=0 TSval=3075329379 TSecr=1630367856,Captcha Bypass 
207,2022-12-11 20:35:19.506647977,172.17.0.1,172.17.0.2,TCP,299,"44478  >  3000 [PSH, ACK] Seq=621 Ack=1453 Win=64128 Len=233 TSval=3075329381 TSecr=1630367856 [TCP segment of a reassembled PDU]",Captcha Bypass 
208,2022-12-11 20:35:19.506771443,172.17.0.1,172.17.0.2,HTTP,128,POST /api/Feedbacks/ HTTP/1.1  (application/x-www-form-urlencoded),Captcha Bypass 
209,2022-12-11 20:35:19.506852439,172.17.0.2,172.17.0.1,TCP,66,3000  >  44478 [ACK] Seq=1453 Ack=916 Win=64512 Len=0 TSval=1630367858 TSecr=3075329381,Captcha Bypass 
210,2022-12-11 20:35:19.533719425,172.17.0.2,172.17.0.1,HTTP/JSON,654,"HTTP/1.1 201 Created , JavaScript Object Notation (application/json)",Captcha Bypass 
211,2022-12-11 20:35:19.535401225,172.17.0.1,172.17.0.2,HTTP,228,GET /rest/captcha/ HTTP/1.1 ,Captcha Bypass 
212,2022-12-11 20:35:19.567457417,172.17.0.2,172.17.0.1,HTTP/JSON,497,"HTTP/1.1 200 OK , JavaScript Object Notation (application/json)",Captcha Bypass 
213,2022-12-11 20:35:19.571073083,172.17.0.1,172.17.0.2,TCP,299,"44478  >  3000 [PSH, ACK] Seq=1078 Ack=2472 Win=64128 Len=233 TSval=3075329446 TSecr=1630367919 [TCP segment of a reassembled PDU]",Captcha Bypass 
214,2022-12-11 20:35:19.571962755,172.17.0.1,172.17.0.2,HTTP,128,POST /api/Feedbacks/ HTTP/1.1  (application/x-www-form-urlencoded),Captcha Bypass 
215,2022-12-11 20:35:19.572010390,172.17.0.2,172.17.0.1,TCP,66,3000  >  44478 [ACK] Seq=2472 Ack=1373 Win=64128 Len=0 TSval=1630367924 TSecr=3075329446,Captcha Bypass 
216,2022-12-11 20:35:19.601341230,172.17.0.2,172.17.0.1,HTTP/JSON,656,"HTTP/1.1 201 Created , JavaScript Object Notation (application/json)",Captcha Bypass 
217,2022-12-11 20:35:19.602959115,172.17.0.1,172.17.0.2,HTTP,228,GET /rest/captcha/ HTTP/1.1 ,Captcha Bypass 
218,2022-12-11 20:35:19.652330703,172.17.0.2,172.17.0.1,TCP,66,3000  >  44478 [ACK] Seq=3062 Ack=1535 Win=64128 Len=0 TSval=1630368003 TSecr=3075329477,Captcha Bypass 
219,2022-12-11 20:35:19.739538108,172.17.0.2,172.17.0.1,HTTP/JSON,498,"HTTP/1.1 200 OK , JavaScript Object Notation (application/json)",Captcha Bypass 
220,2022-12-11 20:35:19.741043384,172.17.0.1,172.17.0.2,TCP,299,"44478  >  3000 [PSH, ACK] Seq=1535 Ack=3494 Win=64128 Len=233 TSval=3075329616 TSecr=1630368091 [TCP segment of a reassembled PDU]",Captcha Bypass 
221,2022-12-11 20:35:19.741057317,172.17.0.2,172.17.0.1,TCP,66,3000  >  44478 [ACK] Seq=3494 Ack=1768 Win=64128 Len=0 TSval=1630368093 TSecr=3075329616,Captcha Bypass 
222,2022-12-11 20:35:19.741088122,172.17.0.1,172.17.0.2,HTTP,127,POST /api/Feedbacks/ HTTP/1.1  (application/x-www-form-urlencoded),Captcha Bypass 
223,2022-12-11 20:35:19.741092192,172.17.0.2,172.17.0.1,TCP,66,3000  >  44478 [ACK] Seq=3494 Ack=1829 Win=64128 Len=0 TSval=1630368093 TSecr=3075329616,Captcha Bypass 
224,2022-12-11 20:35:19.787261197,172.17.0.2,172.17.0.1,HTTP/JSON,656,"HTTP/1.1 201 Created , JavaScript Object Notation (application/json)",Captcha Bypass 
225,2022-12-11 20:35:19.789502574,172.17.0.1,172.17.0.2,HTTP,228,GET /rest/captcha/ HTTP/1.1 ,Captcha Bypass 
226,2022-12-11 20:35:19.789565235,172.17.0.2,172.17.0.1,TCP,66,3000  >  44478 [ACK] Seq=4084 Ack=1991 Win=64128 Len=0 TSval=1630368141 TSecr=3075329664,Captcha Bypass 
227,2022-12-11 20:35:19.816697740,172.17.0.2,172.17.0.1,HTTP/JSON,497,"HTTP/1.1 200 OK , JavaScript Object Notation (application/json)",Captcha Bypass 
228,2022-12-11 20:35:19.818660727,172.17.0.1,172.17.0.2,HTTP,361,POST /api/Feedbacks/ HTTP/1.1  (application/x-www-form-urlencoded),Captcha Bypass 
229,2022-12-11 20:35:19.818877770,172.17.0.2,172.17.0.1,TCP,66,3000  >  44478 [ACK] Seq=4515 Ack=2286 Win=64128 Len=0 TSval=1630368170 TSecr=3075329693,Captcha Bypass 
230,2022-12-11 20:35:19.850238467,172.17.0.2,172.17.0.1,HTTP/JSON,656,"HTTP/1.1 201 Created , JavaScript Object Notation (application/json)",Captcha Bypass 
231,2022-12-11 20:35:19.852397947,172.17.0.1,172.17.0.2,HTTP,228,GET /rest/captcha/ HTTP/1.1 ,Captcha Bypass 
232,2022-12-11 20:35:19.852565841,172.17.0.2,172.17.0.1,TCP,66,3000  >  44478 [ACK] Seq=5105 Ack=2448 Win=64128 Len=0 TSval=1630368204 TSecr=3075329727,Captcha Bypass 
233,2022-12-11 20:35:19.875648996,172.17.0.2,172.17.0.1,HTTP/JSON,497,"HTTP/1.1 200 OK , JavaScript Object Notation (application/json)",Captcha Bypass 
234,2022-12-11 20:35:19.877589599,172.17.0.1,172.17.0.2,HTTP,361,POST /api/Feedbacks/ HTTP/1.1  (application/x-www-form-urlencoded),Captcha Bypass 
235,2022-12-11 20:35:19.881307489,172.17.0.2,172.17.0.1,TCP,66,3000  >  44478 [ACK] Seq=5536 Ack=2743 Win=64128 Len=0 TSval=1630368233 TSecr=3075329752,Captcha Bypass 
236,2022-12-11 20:35:19.916831916,172.17.0.2,172.17.0.1,HTTP/JSON,656,"HTTP/1.1 201 Created , JavaScript Object Notation (application/json)",Captcha Bypass 
237,2022-12-11 20:35:19.918663505,172.17.0.1,172.17.0.2,HTTP,228,GET /rest/captcha/ HTTP/1.1 ,Captcha Bypass 
238,2022-12-11 20:35:19.952693911,172.17.0.2,172.17.0.1,HTTP/JSON,497,"HTTP/1.1 200 OK , JavaScript Object Notation (application/json)",Captcha Bypass 
239,2022-12-11 20:35:19.954119344,172.17.0.1,172.17.0.2,HTTP,360,POST /api/Feedbacks/ HTTP/1.1  (application/x-www-form-urlencoded),Captcha Bypass 
240,2022-12-11 20:35:19.991673224,172.17.0.2,172.17.0.1,HTTP/JSON,656,"HTTP/1.1 201 Created , JavaScript Object Notation (application/json)",Captcha Bypass 
241,2022-12-11 20:35:19.993607982,172.17.0.1,172.17.0.2,HTTP,228,GET /rest/captcha/ HTTP/1.1 ,Captcha Bypass 
242,2022-12-11 20:35:20.023701208,172.17.0.2,172.17.0.1,HTTP/JSON,496,"HTTP/1.1 200 OK , JavaScript Object Notation (application/json)",Captcha Bypass 
243,2022-12-11 20:35:20.025106703,172.17.0.1,172.17.0.2,HTTP,360,POST /api/Feedbacks/ HTTP/1.1  (application/x-www-form-urlencoded),Captcha Bypass 
244,2022-12-11 20:35:20.062574093,172.17.0.2,172.17.0.1,HTTP/JSON,656,"HTTP/1.1 201 Created , JavaScript Object Notation (application/json)",Captcha Bypass 
245,2022-12-11 20:35:20.065625973,172.17.0.1,172.17.0.2,HTTP,228,GET /rest/captcha/ HTTP/1.1 ,Captcha Bypass 
246,2022-12-11 20:35:20.103575045,172.17.0.2,172.17.0.1,HTTP/JSON,496,"HTTP/1.1 200 OK , JavaScript Object Notation (application/json)",Captcha Bypass 
247,2022-12-11 20:35:20.105438452,172.17.0.1,172.17.0.2,TCP,299,"44478  >  3000 [PSH, ACK] Seq=3817 Ack=8597 Win=64128 Len=233 TSval=3075329980 TSecr=1630368455 [TCP segment of a reassembled PDU]",Captcha Bypass 
248,2022-12-11 20:35:20.105465557,172.17.0.1,172.17.0.2,HTTP,127,POST /api/Feedbacks/ HTTP/1.1  (application/x-www-form-urlencoded),Captcha Bypass 
249,2022-12-11 20:35:20.107098309,172.17.0.2,172.17.0.1,TCP,66,3000  >  44478 [ACK] Seq=8597 Ack=4111 Win=64128 Len=0 TSval=1630368459 TSecr=3075329980,Captcha Bypass 
250,2022-12-11 20:35:20.141371553,172.17.0.2,172.17.0.1,HTTP/JSON,656,"HTTP/1.1 201 Created , JavaScript Object Notation (application/json)",Captcha Bypass 
251,2022-12-11 20:35:20.144836391,172.17.0.1,172.17.0.2,HTTP,228,GET /rest/captcha/ HTTP/1.1 ,Captcha Bypass 
252,2022-12-11 20:35:20.170457758,172.17.0.2,172.17.0.1,HTTP/JSON,497,"HTTP/1.1 200 OK , JavaScript Object Notation (application/json)",Captcha Bypass 
253,2022-12-11 20:35:20.172304636,172.17.0.1,172.17.0.2,HTTP,361,POST /api/Feedbacks/ HTTP/1.1  (application/x-www-form-urlencoded),Captcha Bypass 
254,2022-12-11 20:35:20.212705757,172.17.0.2,172.17.0.1,HTTP/JSON,656,"HTTP/1.1 201 Created , JavaScript Object Notation (application/json)",Captcha Bypass 
,Time,Source,Destination,Protocol,Length,Info,label
258,2022-12-11 20:35:27.500845490,172.17.0.1,172.17.0.2,TCP,74,40026  >  3000 [SYN] Seq=0 Win=64240 Len=0 MSS=1460 SACK_PERM=1 TSval=3075337375 TSecr=0 WS=128,Upload size 
259,2022-12-11 20:35:27.500873036,172.17.0.2,172.17.0.1,TCP,74,"3000  >  40026 [SYN, ACK] Seq=0 Ack=1 Win=65160 Len=0 MSS=1460 SACK_PERM=1 TSval=1630375852 TSecr=3075337375 WS=128",Upload size 
260,2022-12-11 20:35:27.500878921,172.17.0.1,172.17.0.2,TCP,66,40026  >  3000 [ACK] Seq=1 Ack=1 Win=64256 Len=0 TSval=3075337375 TSecr=1630375852,Upload size 
261,2022-12-11 20:35:27.502307079,172.17.0.1,172.17.0.2,TCP,2188,"40026  >  3000 [PSH, ACK] Seq=1 Ack=1 Win=64256 Len=2122 TSval=3075337377 TSecr=1630375852 [TCP segment of a reassembled PDU]",Upload size 
262,2022-12-11 20:35:27.502326065,172.17.0.2,172.17.0.1,TCP,66,3000  >  40026 [ACK] Seq=1 Ack=2123 Win=63872 Len=0 TSval=1630375854 TSecr=3075337377,Upload size 
263,2022-12-11 20:35:27.504902859,172.17.0.1,172.17.0.2,TCP,7306,"40026  >  3000 [PSH, ACK] Seq=2123 Ack=1 Win=64256 Len=7240 TSval=3075337379 TSecr=1630375854 [TCP segment of a reassembled PDU]",Upload size 
264,2022-12-11 20:35:27.504933644,172.17.0.2,172.17.0.1,TCP,66,3000  >  40026 [ACK] Seq=1 Ack=9363 Win=61312 Len=0 TSval=1630375856 TSecr=3075337379,Upload size 
265,2022-12-11 20:35:27.504941223,172.17.0.1,172.17.0.2,TCP,7306,"40026  >  3000 [PSH, ACK] Seq=9363 Ack=1 Win=64256 Len=7240 TSval=3075337379 TSecr=1630375854 [TCP segment of a reassembled PDU]",Upload size 
266,2022-12-11 20:35:27.504945453,172.17.0.2,172.17.0.1,TCP,66,3000  >  40026 [ACK] Seq=1 Ack=16603 Win=57088 Len=0 TSval=1630375856 TSecr=3075337379,Upload size 
267,2022-12-11 20:35:27.504949683,172.17.0.1,172.17.0.2,TCP,14546,"40026  >  3000 [PSH, ACK] Seq=16603 Ack=1 Win=64256 Len=14480 TSval=3075337379 TSecr=1630375856 [TCP segment of a reassembled PDU]",Upload size 
268,2022-12-11 20:35:27.504953823,172.17.0.2,172.17.0.1,TCP,66,3000  >  40026 [ACK] Seq=1 Ack=31083 Win=49792 Len=0 TSval=1630375856 TSecr=3075337379,Upload size 
269,2022-12-11 20:35:27.504955095,172.17.0.1,172.17.0.2,TCP,3838,"40026  >  3000 [PSH, ACK] Seq=31083 Ack=1 Win=64256 Len=3772 TSval=3075337379 TSecr=1630375856 [TCP segment of a reassembled PDU]",Upload size 
270,2022-12-11 20:35:27.504957492,172.17.0.2,172.17.0.1,TCP,66,3000  >  40026 [ACK] Seq=1 Ack=34855 Win=48000 Len=0 TSval=1630375856 TSecr=3075337379,Upload size 
271,2022-12-11 20:35:27.508750144,172.17.0.1,172.17.0.2,TCP,23234,"40026  >  3000 [PSH, ACK] Seq=34855 Ack=1 Win=64256 Len=23168 TSval=3075337383 TSecr=1630375856 [TCP segment of a reassembled PDU]",Upload size 
272,2022-12-11 20:35:27.508783575,172.17.0.2,172.17.0.1,TCP,66,3000  >  40026 [ACK] Seq=1 Ack=58023 Win=53376 Len=0 TSval=1630375860 TSecr=3075337383,Upload size 
273,2022-12-11 20:35:27.508790952,172.17.0.1,172.17.0.2,TCP,9702,"40026  >  3000 [PSH, ACK] Seq=58023 Ack=1 Win=64256 Len=9636 TSval=3075337383 TSecr=1630375860 [TCP segment of a reassembled PDU]",Upload size 
274,2022-12-11 20:35:27.508795242,172.17.0.2,172.17.0.1,TCP,66,3000  >  40026 [ACK] Seq=1 Ack=67659 Win=48512 Len=0 TSval=1630375860 TSecr=3075337383,Upload size 
275,2022-12-11 20:35:27.508798100,172.17.0.1,172.17.0.2,TCP,23234,"40026  >  3000 [PSH, ACK] Seq=67659 Ack=1 Win=64256 Len=23168 TSval=3075337383 TSecr=1630375860 [TCP segment of a reassembled PDU]",Upload size 
276,2022-12-11 20:35:27.508803673,172.17.0.2,172.17.0.1,TCP,66,3000  >  40026 [ACK] Seq=1 Ack=90827 Win=36992 Len=0 TSval=1630375860 TSecr=3075337383,Upload size 
277,2022-12-11 20:35:27.508804885,172.17.0.1,172.17.0.2,TCP,8754,"40026  >  3000 [PSH, ACK] Seq=90827 Ack=1 Win=64256 Len=8688 TSval=3075337383 TSecr=1630375860 [TCP segment of a reassembled PDU]",Upload size 
278,2022-12-11 20:35:27.508807903,172.17.0.2,172.17.0.1,TCP,66,3000  >  40026 [ACK] Seq=1 Ack=99515 Win=32640 Len=0 TSval=1630375860 TSecr=3075337383,Upload size 
279,2022-12-11 20:35:27.508809648,172.17.0.1,172.17.0.2,TCP,870,"40026  >  3000 [PSH, ACK] Seq=99515 Ack=1 Win=64256 Len=804 TSval=3075337383 TSecr=1630375860 [TCP segment of a reassembled PDU]",Upload size 
280,2022-12-11 20:35:27.508812885,172.17.0.2,172.17.0.1,TCP,66,3000  >  40026 [ACK] Seq=1 Ack=100319 Win=32256 Len=0 TSval=1630375860 TSecr=3075337383,Upload size 
281,2022-12-11 20:35:27.508820283,172.17.0.1,172.17.0.2,HTTP,18029,POST /file-upload HTTP/1.1  (application/pdf),Upload size 
282,2022-12-11 20:35:27.508855849,172.17.0.2,172.17.0.1,TCP,66,3000  >  40026 [ACK] Seq=1 Ack=118282 Win=64128 Len=0 TSval=1630375860 TSecr=3075337383,Upload size 
283,2022-12-11 20:35:27.510213588,172.17.0.2,172.17.0.1,HTTP,326,HTTP/1.1 204 No Content ,Upload size 
284,2022-12-11 20:35:27.510218801,172.17.0.1,172.17.0.2,TCP,66,40026  >  3000 [ACK] Seq=118282 Ack=261 Win=64128 Len=0 TSval=3075337385 TSecr=1630375862,Upload size 
,Time,Source,Destination,Protocol,Length,Info,label
291,2022-12-11 20:35:36.412147157,172.17.0.1,172.17.0.2,TCP,74,48290  >  3000 [SYN] Seq=0 Win=64240 Len=0 MSS=1460 SACK_PERM=1 TSval=3075346287 TSecr=0 WS=128,Delete five star 
292,2022-12-11 20:35:36.412175455,172.17.0.2,172.17.0.1,TCP,74,"3000  >  48290 [SYN, ACK] Seq=0 Ack=1 Win=65160 Len=0 MSS=1460 SACK_PERM=1 TSval=1630384764 TSecr=3075346287 WS=128",Delete five star 
293,2022-12-11 20:35:36.412182431,172.17.0.1,172.17.0.2,TCP,66,48290  >  3000 [ACK] Seq=1 Ack=1 Win=64256 Len=0 TSval=3075346287 TSecr=1630384764,Delete five star 
294,2022-12-11 20:35:36.412449154,172.17.0.1,172.17.0.2,HTTP,2063,GET /api/Feedbacks/ HTTP/1.1 ,Delete five star 
295,2022-12-11 20:35:36.412457023,172.17.0.2,172.17.0.1,TCP,66,3000  >  48290 [ACK] Seq=1 Ack=1998 Win=64000 Len=0 TSval=1630384764 TSecr=3075346287,Delete five star 
296,2022-12-11 20:35:36.449859167,172.17.0.2,172.17.0.1,TCP,528,"3000  >  48290 [PSH, ACK] Seq=1 Ack=1998 Win=64128 Len=462 TSval=1630384801 TSecr=3075346287 [TCP segment of a reassembled PDU]",Delete five star 
297,2022-12-11 20:35:36.449927922,172.17.0.1,172.17.0.2,TCP,66,48290  >  3000 [ACK] Seq=1998 Ack=463 Win=64128 Len=0 TSval=3075346324 TSecr=1630384801,Delete five star 
298,2022-12-11 20:35:36.450178395,172.17.0.2,172.17.0.1,TCP,730,"3000  >  48290 [PSH, ACK] Seq=463 Ack=1998 Win=64128 Len=664 TSval=1630384802 TSecr=3075346324 [TCP segment of a reassembled PDU]",Delete five star 
299,2022-12-11 20:35:36.450181884,172.17.0.1,172.17.0.2,TCP,66,48290  >  3000 [ACK] Seq=1998 Ack=1127 Win=64128 Len=0 TSval=3075346325 TSecr=1630384802,Delete five star 
300,2022-12-11 20:35:36.450387179,172.17.0.2,172.17.0.1,HTTP/JSON,71,"HTTP/1.1 200 OK , JavaScript Object Notation (application/json)",Delete five star 
301,2022-12-11 20:35:36.450390105,172.17.0.1,172.17.0.2,TCP,66,48290  >  3000 [ACK] Seq=1998 Ack=1132 Win=64128 Len=0 TSval=3075346325 TSecr=1630384802,Delete five star 
302,2022-12-11 20:35:36.457676801,172.17.0.1,172.17.0.2,HTTP,2086,DELETE /api/Feedbacks/1 HTTP/1.1 ,Delete five star 
303,2022-12-11 20:35:36.457707616,172.17.0.2,172.17.0.1,TCP,66,3000  >  48290 [ACK] Seq=1132 Ack=4018 Win=64000 Len=0 TSval=1630384809 TSecr=3075346332,Delete five star 
304,2022-12-11 20:35:36.508632330,172.17.0.2,172.17.0.1,HTTP/JSON,480,"HTTP/1.1 200 OK , JavaScript Object Notation (application/json)",Delete five star 
305,2022-12-11 20:35:36.508655626,172.17.0.1,172.17.0.2,TCP,66,48290  >  3000 [ACK] Seq=4018 Ack=1546 Win=64128 Len=0 TSval=3075346383 TSecr=1630384860,Delete five star 
306,2022-12-11 20:35:36.512742106,172.17.0.1,172.17.0.2,HTTP,2063,GET /api/Feedbacks/ HTTP/1.1 ,Delete five star 
307,2022-12-11 20:35:36.512771868,172.17.0.2,172.17.0.1,TCP,66,3000  >  48290 [ACK] Seq=1546 Ack=6015 Win=64000 Len=0 TSval=1630384864 TSecr=3075346387,Delete five star 
308,2022-12-11 20:35:36.540717451,172.17.0.2,172.17.0.1,TCP,528,"3000  >  48290 [PSH, ACK] Seq=1546 Ack=6015 Win=64128 Len=462 TSval=1630384892 TSecr=3075346387 [TCP segment of a reassembled PDU]",Delete five star 
309,2022-12-11 20:35:36.540736186,172.17.0.1,172.17.0.2,TCP,66,48290  >  3000 [ACK] Seq=6015 Ack=2008 Win=64128 Len=0 TSval=3075346415 TSecr=1630384892,Delete five star 
310,2022-12-11 20:35:36.541261100,172.17.0.2,172.17.0.1,TCP,673,"3000  >  48290 [PSH, ACK] Seq=2008 Ack=6015 Win=64128 Len=607 TSval=1630384893 TSecr=3075346415 [TCP segment of a reassembled PDU]",Delete five star 
311,2022-12-11 20:35:36.541264458,172.17.0.1,172.17.0.2,TCP,66,48290  >  3000 [ACK] Seq=6015 Ack=2615 Win=64128 Len=0 TSval=3075346416 TSecr=1630384893,Delete five star 
312,2022-12-11 20:35:36.541383926,172.17.0.2,172.17.0.1,HTTP/JSON,71,"HTTP/1.1 200 OK , JavaScript Object Notation (application/json)",Delete five star 
313,2022-12-11 20:35:36.541386332,172.17.0.1,172.17.0.2,TCP,66,48290  >  3000 [ACK] Seq=6015 Ack=2620 Win=64128 Len=0 TSval=3075346416 TSecr=1630384893,Delete five star 
,Time,Source,Destination,Protocol,Length,Info,label
331,2022-12-11 20:35:48.378873565,172.17.0.1,172.17.0.2,TCP,74,51550  >  3000 [SYN] Seq=0 Win=64240 Len=0 MSS=1460 SACK_PERM=1 TSval=3075358253 TSecr=0 WS=128,Login Bjoern 
332,2022-12-11 20:35:48.378896008,172.17.0.2,172.17.0.1,TCP,74,"3000  >  51550 [SYN, ACK] Seq=0 Ack=1 Win=65160 Len=0 MSS=1460 SACK_PERM=1 TSval=1630396730 TSecr=3075358253 WS=128",Login Bjoern 
333,2022-12-11 20:35:48.378903336,172.17.0.1,172.17.0.2,TCP,66,51550  >  3000 [ACK] Seq=1 Ack=1 Win=64256 Len=0 TSval=3075358253 TSecr=1630396730,Login Bjoern 
334,2022-12-11 20:35:48.378937829,172.17.0.1,172.17.0.2,TCP,283,"51550  >  3000 [PSH, ACK] Seq=1 Ack=1 Win=64256 Len=217 TSval=3075358253 TSecr=1630396730 [TCP segment of a reassembled PDU]",Login Bjoern 
335,2022-12-11 20:35:48.378942902,172.17.0.2,172.17.0.1,TCP,66,3000  >  51550 [ACK] Seq=1 Ack=218 Win=65024 Len=0 TSval=1630396730 TSecr=3075358253,Login Bjoern 
336,2022-12-11 20:35:48.380136836,172.17.0.1,172.17.0.2,HTTP/JSON,157,"POST /rest/user/login HTTP/1.1 , JavaScript Object Notation (application/json)",Login Bjoern 
337,2022-12-11 20:35:48.380147513,172.17.0.2,172.17.0.1,TCP,66,3000  >  51550 [ACK] Seq=1 Ack=309 Win=65024 Len=0 TSval=1630396732 TSecr=3075358255,Login Bjoern 
338,2022-12-11 20:35:48.415516441,172.17.0.2,172.17.0.1,HTTP/JSON,1308,"HTTP/1.1 200 OK , JavaScript Object Notation (application/json)",Login Bjoern 
339,2022-12-11 20:35:48.415531739,172.17.0.1,172.17.0.2,TCP,66,51550  >  3000 [ACK] Seq=309 Ack=1243 Win=64128 Len=0 TSval=3075358290 TSecr=1630396767,Login Bjoern 
,Time,Source,Destination,Protocol,Length,Info,label
353,2022-12-11 20:36:14.525935936,172.17.0.1,172.17.0.2,TCP,2140,"39928  >  3000 [PSH, ACK] Seq=2021 Ack=432 Win=64128 Len=2074 TSval=3075384400 TSecr=1630422872 [TCP segment of a reassembled PDU]",Forged Feedback 
354,2022-12-11 20:36:14.525960365,172.17.0.2,172.17.0.1,TCP,66,3000  >  39928 [ACK] Seq=432 Ack=4095 Win=63872 Len=0 TSval=1630422877 TSecr=3075384400,Forged Feedback 
355,2022-12-11 20:36:14.525992803,172.17.0.1,172.17.0.2,HTTP/JSON,162,"POST /api/Feedbacks/ HTTP/1.1 , JavaScript Object Notation (application/json)",Forged Feedback 
356,2022-12-11 20:36:14.525998266,172.17.0.2,172.17.0.1,TCP,66,3000  >  39928 [ACK] Seq=432 Ack=4191 Win=63872 Len=0 TSval=1630422878 TSecr=3075384401,Forged Feedback 
357,2022-12-11 20:36:14.554807188,172.17.0.2,172.17.0.1,HTTP/JSON,657,"HTTP/1.1 201 Created , JavaScript Object Notation (application/json)",Forged Feedback 
358,2022-12-11 20:36:14.555021153,172.17.0.1,172.17.0.2,TCP,66,39928  >  3000 [ACK] Seq=4191 Ack=1023 Win=64128 Len=0 TSval=3075384429 TSecr=1630422906,Forged Feedback 
,Time,Source,Destination,Protocol,Length,Info,label
359,2022-12-11 20:36:14.558292361,172.17.0.1,172.17.0.2,TCP,2151,"39928  >  3000 [PSH, ACK] Seq=4191 Ack=1023 Win=64128 Len=2085 TSval=3075384433 TSecr=1630422906 [TCP segment of a reassembled PDU]",Forged Review 
360,2022-12-11 20:36:14.558315255,172.17.0.2,172.17.0.1,TCP,66,3000  >  39928 [ACK] Seq=1023 Ack=6276 Win=63872 Len=0 TSval=1630422910 TSecr=3075384433,Forged Review 
361,2022-12-11 20:36:14.558685968,172.17.0.1,172.17.0.2,HTTP/JSON,140,"PUT /rest/products/None/reviews HTTP/1.1 , JavaScript Object Notation (application/json)",Forged Review 
362,2022-12-11 20:36:14.558694168,172.17.0.2,172.17.0.1,TCP,66,3000  >  39928 [ACK] Seq=1023 Ack=6350 Win=64128 Len=0 TSval=1630422910 TSecr=3075384433,Forged Review 
363,2022-12-11 20:36:14.571087410,172.17.0.2,172.17.0.1,HTTP/JSON,475,"HTTP/1.1 201 Created , JavaScript Object Notation (application/json)",Forged Review 
364,2022-12-11 20:36:14.571099339,172.17.0.1,172.17.0.2,TCP,66,39928  >  3000 [ACK] Seq=6350 Ack=1432 Win=64128 Len=0 TSval=3075384446 TSecr=1630422923,Forged Review 
,Time,Source,Destination,Protocol,Length,Info,label
467,2022-12-11 20:36:57.061002426,172.17.0.2,172.17.0.1,HTTP/JSON,71,"HTTP/1.1 200 OK , JavaScript Object Notation (application/json)",Christmas Special 
468,2022-12-11 20:36:57.061099290,172.17.0.1,172.17.0.2,TCP,66,40844  >  3000 [ACK] Seq=5017 Ack=26969 Win=64128 Len=0 TSval=3075426936 TSecr=1630465413,Christmas Special 
469,2022-12-11 20:36:57.066003970,172.17.0.1,172.17.0.2,TCP,2142,"40844  >  3000 [PSH, ACK] Seq=5017 Ack=26969 Win=64128 Len=2076 TSval=3075426941 TSecr=1630465413 [TCP segment of a reassembled PDU]",Christmas Special 
470,2022-12-11 20:36:57.066072926,172.17.0.2,172.17.0.1,TCP,66,3000  >  40844 [ACK] Seq=26969 Ack=7093 Win=64128 Len=0 TSval=1630465418 TSecr=3075426941,Christmas Special 
471,2022-12-11 20:36:57.067965914,172.17.0.1,172.17.0.2,HTTP/JSON,114,"POST /api/BasketItems/ HTTP/1.1 , JavaScript Object Notation (application/json)",Christmas Special 
472,2022-12-11 20:36:57.068020235,172.17.0.2,172.17.0.1,TCP,66,3000  >  40844 [ACK] Seq=26969 Ack=7141 Win=64128 Len=0 TSval=1630465420 TSecr=3075426942,Christmas Special 
473,2022-12-11 20:36:57.088910654,172.17.0.2,172.17.0.1,HTTP/JSON,607,"HTTP/1.1 200 OK , JavaScript Object Notation (application/json)",Christmas Special 
474,2022-12-11 20:36:57.089221093,172.17.0.1,172.17.0.2,TCP,66,40844  >  3000 [ACK] Seq=7141 Ack=27510 Win=64128 Len=0 TSval=3075426964 TSecr=1630465440,Christmas Special 
475,2022-12-11 20:36:57.104770931,172.17.0.1,172.17.0.2,HTTP,2086,GET /rest/basket/6 HTTP/1.1 ,Christmas Special 
476,2022-12-11 20:36:57.104877768,172.17.0.2,172.17.0.1,TCP,66,3000  >  40844 [ACK] Seq=27510 Ack=9161 Win=64128 Len=0 TSval=1630465456 TSecr=3075426979,Christmas Special 
477,2022-12-11 20:36:57.134567521,172.17.0.2,172.17.0.1,HTTP/JSON,1175,"HTTP/1.1 200 OK , JavaScript Object Notation (application/json)",Christmas Special 
478,2022-12-11 20:36:57.134764486,172.17.0.1,172.17.0.2,TCP,66,40844  >  3000 [ACK] Seq=9161 Ack=28619 Win=64128 Len=0 TSval=3075427009 TSecr=1630465486,Christmas Special 
479,2022-12-11 20:36:57.137622829,172.17.0.1,172.17.0.2,HTTP/JSON,2301,"POST /api/Addresss/ HTTP/1.1 , JavaScript Object Notation (application/json)",Christmas Special 
480,2022-12-11 20:36:57.137787014,172.17.0.2,172.17.0.1,TCP,66,3000  >  40844 [ACK] Seq=28619 Ack=11396 Win=64128 Len=0 TSval=1630465489 TSecr=3075427012,Christmas Special 
481,2022-12-11 20:36:57.180654345,172.17.0.2,172.17.0.1,HTTP/JSON,757,"HTTP/1.1 201 Created , JavaScript Object Notation (application/json)",Christmas Special 
482,2022-12-11 20:36:57.188227130,172.17.0.1,172.17.0.2,TCP,2149,"40844  >  3000 [PSH, ACK] Seq=11396 Ack=29310 Win=64128 Len=2083 TSval=3075427063 TSecr=1630465532 [TCP segment of a reassembled PDU]",Christmas Special 
483,2022-12-11 20:36:57.188391836,172.17.0.2,172.17.0.1,TCP,66,3000  >  40844 [ACK] Seq=29310 Ack=13479 Win=64128 Len=0 TSval=1630465540 TSecr=3075427063,Christmas Special 
484,2022-12-11 20:36:57.190037600,172.17.0.1,172.17.0.2,HTTP/JSON,176,"POST /rest/basket/6/checkout HTTP/1.1 , JavaScript Object Notation (application/json)",Christmas Special 
485,2022-12-11 20:36:57.232926631,172.17.0.2,172.17.0.1,TCP,66,3000  >  40844 [ACK] Seq=29310 Ack=13589 Win=64128 Len=0 TSval=1630465584 TSecr=3075427065,Christmas Special 
486,2022-12-11 20:36:57.353639113,172.17.0.2,172.17.0.1,HTTP/JSON,495,"HTTP/1.1 200 OK , JavaScript Object Notation (application/json)",Christmas Special 
,Time,Source,Destination,Protocol,Length,Info,label
496,2022-12-11 20:37:53.752849746,172.17.0.1,172.17.0.2,TCP,74,40982  >  3000 [SYN] Seq=0 Win=64240 Len=0 MSS=1460 SACK_PERM=1 TSval=3075483627 TSecr=0 WS=128,Product Tampering 
497,2022-12-11 20:37:53.752912757,172.17.0.2,172.17.0.1,TCP,74,"3000  >  40982 [SYN, ACK] Seq=0 Ack=1 Win=65160 Len=0 MSS=1460 SACK_PERM=1 TSval=1630522104 TSecr=3075483627 WS=128",Product Tampering 
498,2022-12-11 20:37:53.752922000,172.17.0.1,172.17.0.2,TCP,66,40982  >  3000 [ACK] Seq=1 Ack=1 Win=64256 Len=0 TSval=3075483627 TSecr=1630522104,Product Tampering 
499,2022-12-11 20:37:53.752984500,172.17.0.1,172.17.0.2,HTTP/JSON,2365,"PUT /api/products/9 HTTP/1.1 , JavaScript Object Notation (application/json)",Product Tampering 
500,2022-12-11 20:37:53.752990605,172.17.0.2,172.17.0.1,TCP,66,3000  >  40982 [ACK] Seq=1 Ack=2300 Win=63872 Len=0 TSval=1630522105 TSecr=3075483628,Product Tampering 
501,2022-12-11 20:37:53.802662010,172.17.0.2,172.17.0.1,HTTP/JSON,940,"HTTP/1.1 200 OK , JavaScript Object Notation (application/json)",Product Tampering 
502,2022-12-11 20:37:53.802690128,172.17.0.1,172.17.0.2,TCP,66,40982  >  3000 [ACK] Seq=2300 Ack=875 Win=64128 Len=0 TSval=3075483677 TSecr=1630522154,Product Tampering 
,Time,Source,Destination,Protocol,Length,Info,label
,Time,Source,Destination,Protocol,Length,Info,label
,Time,Source,Destination,Protocol,Length,Info,label
